image_url,diseases_name,website_link,search_letter
https://dermnetnz.org/assets/manualthumbnails/acne/acne-back/preview/141__FocusFillWzE1MCwxMTAsInkiLDFd.jpg,Acne affecting the back images,https://dermnetnz.org/topics/acne-affecting-the-back-images/?stage=Live,A
https://dermnetnz.org/assets/Uploads/Screen-Shot-2018-01-25-at-8__FocusFillWzE1MCwxMTAsIngiLDFd.28.37-PM.png,Acne affecting the face images,https://dermnetnz.org/topics/acne-face-images/?stage=Live,A
https://dermnetnz.org/assets/Uploads/ocular-rosacea-s__FocusFillWzE1MCwxMTAsInkiLDFd.jpg,Acne and other follicular disorder images,https://dermnetnz.org/image-catalogue/acne-and-other-follicular-disorder-images/?stage=Live,A
https://dermnetnz.org/assets/Uploads/scaly/lp-pigmentosus1__FocusFillWzE1MCwxMTAsInkiLDFd.jpg,Acquired dermal macular hyperpigmentation images,https://dermnetnz.org/topics/acquired-dermal-macular-hyperpigmentation-images/?stage=Live,A
https://dermnetnz.org/assets/Uploads/20160516-165503__FocusFillWzE1MCwxMTAsInkiLDFd.JPG,Acral lentiginous melanoma images,https://dermnetnz.org/topics/acral-lentiginous-melanoma-images/?stage=Live,A
https://dermnetnz.org/assets/Uploads/248__FocusFillWzE1MCwxMTAsInkiLDFd.jpg,Actinic keratosis affecting the face images,https://dermnetnz.org/topics/actinic-keratosis-face-images/?stage=Live,A
https://dermnetnz.org/assets/Uploads/393__FocusFillWzE1MCwxMTAsInkiLDFd.jpg,Actinic keratosis affecting the hand images,https://dermnetnz.org/topics/actinic-keratosis-affecting-the-hand-images/?stage=Live,A
https://dermnetnz.org/assets/Uploads/478__FocusFillWzE1MCwxMTAsInkiLDFd.jpg,Actinic keratosis affecting the legs and feet images,https://dermnetnz.org/topics/actinic-keratosis-leg-and-foot-images/?stage=Live,A
https://dermnetnz.org/assets/Uploads/418__FocusFillWzE1MCwxMTAsInkiLDFd.jpg,Actinic keratosis affecting the scalp images,https://dermnetnz.org/topics/actinic-keratosis-scalp-images/?stage=Live,A
https://dermnetnz.org/assets/Uploads/lesions/ak-face/actinic-keratosis-dermoscopy9__FocusFillWzE1MCwxMTAsInkiLDFd.jpg,Actinic keratosis dermoscopy images,https://dermnetnz.org/topics/actinic-keratosis-dermoscopy-images/?stage=Live,A
https://dermnetnz.org/assets/Uploads/sks-nose3-s__FocusFillWzE1MCwxMTAsInkiLDFd.jpg,Actinic keratosis on the nose images,https://dermnetnz.org/topics/actinic-keratosis-on-the-nose-images/?stage=Live,A
https://dermnetnz.org/assets/Uploads/3723__FocusFillWzE1MCwxMTAsInkiLDFd.jpg,Actinic keratosis treated with imiquimod images,https://dermnetnz.org/topics/actinic-keratosis-imiquimod-images/?stage=Live,A
https://dermnetnz.org/assets/Uploads/adalimumab3-s__FocusFillWzE1MCwxMTAsInkiLDFd.jpg,Adalimumab images,https://dermnetnz.org/topics/adalimumab-images/?stage=Live,A
https://dermnetnz.org/assets/Uploads/1323__FocusFillWzE1MCwxMTAsInkiLDIzXQ.jpg,Alopecia areata images,https://dermnetnz.org/images/alopecia-areata-images/?stage=Live,A
https://dermnetnz.org/assets/Uploads/12a-amelanotic-melanoma__FocusFillWzE1MCwxMTAsInkiLDFd.jpg,Amelanotic melanoma images,https://dermnetnz.org/images/amelanotic-melanoma-images/?stage=Live,A
https://dermnetnz.org/assets/Uploads/ain-1-s-1__FocusFillWzE1MCwxMTAsInkiLDEzXQ.jpg,Anal cancer images,https://dermnetnz.org/topics/anal-cancer-images/?stage=Live,A
https://dermnetnz.org/assets/Uploads/angiofibromas-19-s__FocusFillWzE1MCwxMTAsInkiLDFd.jpg,Angiofibromas images,https://dermnetnz.org/topics/angiofibromas-images/?stage=Live,A
https://dermnetnz.org/assets/Uploads/angiokeratoma-2__FocusFillWzE1MCwxMTAsInkiLDFd.JPG,Angiokeratomas images,https://dermnetnz.org/topics/angiokeratoma-images/?stage=Live,A
https://dermnetnz.org/assets/Uploads/perleche13-s__FocusFillWzE1MCwxMTAsInkiLDFd.jpg,Angular cheilitis images,https://dermnetnz.org/images/angular-cheilitis-images/?stage=Live,A
https://dermnetnz.org/assets/Uploads/leishmaniasis2__FocusFillWzE1MCwxMTAsInkiLDFd.jpg,Arthropod bites images,https://dermnetnz.org/image-catalogue/insect-mite-and-worm-bite-images/?stage=Live,A
https://dermnetnz.org/assets/Uploads/atopic26-s__FocusFillWzE1MCwxMTAsInkiLDFd.jpg,Atopic dermatitis images,https://dermnetnz.org/images/atopic-dermatitis-images/?stage=Live,A
https://dermnetnz.org/assets/Uploads/atopic26-s__FocusFillWzE1MCwxMTAsInkiLDFd.jpg,Atopic eczema images,https://dermnetnz.org/images/atopic-dermatitis-images/?stage=Live,A
https://dermnetnz.org/assets/Uploads/flexural-eczema10-s__FocusFillWzE1MCwxMTAsInkiLDBd.jpg,Atopic flexural eczema images,https://dermnetnz.org/topics/atopic-flexural-eczema-images/?stage=Live,A
https://dermnetnz.org/assets/Uploads/604__FocusFillWzE1MCwxMTAsInkiLDFd.jpg,Atypical melanocytic naevus,https://dermnetnz.org/topics/atypical-naevus-images/?stage=Live,A
https://dermnetnz.org/assets/Uploads/m-marinum-2-s__FocusFillWzE1MCwxMTAsInkiLDFd.jpg,Atypical mycobacterial infection images,https://dermnetnz.org/topics/atypical-mycobacterial-infection-images/?stage=Live,A
https://dermnetnz.org/assets/Uploads/604__FocusFillWzE1MCwxMTAsInkiLDFd.jpg,Atypical naevus images,https://dermnetnz.org/topics/atypical-naevus-images/?stage=Live,A
https://dermnetnz.org/assets/Uploads/1323__FocusFillWzE1MCwxMTAsInkiLDIzXQ.jpg,Autoimmune alopecia images,https://dermnetnz.org/images/alopecia-areata-images/?stage=Live,A
https://dermnetnz.org/assets/Uploads/604__FocusFillWzE1MCwxMTAsInkiLDFd.jpg,B-K mole images,https://dermnetnz.org/topics/atypical-naevus-images/?stage=Live,B
https://dermnetnz.org/assets/Uploads/0692__FocusFillWzE1MCwxMTAsInkiLDFd.jpg,BCC affecting the ear images,https://dermnetnz.org/topics/basal-cell-carcinoma-affecting-the-ear-images/?stage=Live,B
https://dermnetnz.org/assets/Uploads/0633__FocusFillWzE1MCwxMTAsInkiLDIwXQ.jpg,BCC affecting the eyelid images,https://dermnetnz.org/topics/basal-cell-carcinoma-affecting-the-eyelid-images/?stage=Live,B
https://dermnetnz.org/assets/Uploads/0616__FocusFillWzE1MCwxMTAsInkiLDIwXQ.jpg,BCC affecting the face images,https://dermnetnz.org/topics/basal-cell-carcinoma-affecting-the-face-images/?stage=Live,B
https://dermnetnz.org/assets/Uploads/0629__FocusFillWzE1MCwxMTAsInkiLDIwXQ.jpg,BCC affecting the nose images,https://dermnetnz.org/topics/basal-cell-carcinoma-affecting-the-nose-images/?stage=Live,B
https://dermnetnz.org/assets/Uploads/0653__FocusFillWzE1MCwxMTAsInkiLDFd.jpg,BCC affecting the trunk images,https://dermnetnz.org/topics/basal-cell-carcinoma-affecting-the-trunk-images/?stage=Live,B
https://dermnetnz.org/assets/Uploads/syph6-s-2__FocusFillWzE1MCwxMTAsInkiLDFd.jpg,Bacteria images,https://dermnetnz.org/image-catalogue/bacterial-skin-infection-images/?stage=Live,B
https://dermnetnz.org/assets/Uploads/syph6-s-2__FocusFillWzE1MCwxMTAsInkiLDFd.jpg,Bacterial skin infection images,https://dermnetnz.org/image-catalogue/bacterial-skin-infection-images/?stage=Live,B
https://dermnetnz.org/assets/Uploads/balanitis4-s-1__FocusFillWzE1MCwxMTAsInkiLDIzXQ.jpg,Balanitis images,https://dermnetnz.org/topics/balanitis-images/?stage=Live,B
https://dermnetnz.org/assets/Uploads/0692__FocusFillWzE1MCwxMTAsInkiLDFd.jpg,Basal cell carcinoma affecting the ear images,https://dermnetnz.org/topics/basal-cell-carcinoma-affecting-the-ear-images/?stage=Live,B
https://dermnetnz.org/assets/Uploads/0633__FocusFillWzE1MCwxMTAsInkiLDIwXQ.jpg,Basal cell carcinoma affecting the eyelid images,https://dermnetnz.org/topics/basal-cell-carcinoma-affecting-the-eyelid-images/?stage=Live,B
https://dermnetnz.org/assets/Uploads/0616__FocusFillWzE1MCwxMTAsInkiLDIwXQ.jpg,Basal cell carcinoma affecting the face images,https://dermnetnz.org/topics/basal-cell-carcinoma-affecting-the-face-images/?stage=Live,B
https://dermnetnz.org/assets/Uploads/0629__FocusFillWzE1MCwxMTAsInkiLDIwXQ.jpg,Basal cell carcinoma affecting the nose images,https://dermnetnz.org/topics/basal-cell-carcinoma-affecting-the-nose-images/?stage=Live,B
https://dermnetnz.org/assets/Uploads/0653__FocusFillWzE1MCwxMTAsInkiLDFd.jpg,Basal cell carcinoma affecting the trunk images,https://dermnetnz.org/topics/basal-cell-carcinoma-affecting-the-trunk-images/?stage=Live,B
https://dermnetnz.org/assets/Uploads/0692__FocusFillWzE1MCwxMTAsInkiLDFd.jpg,Basal cell epithelioma affecting the ear images,https://dermnetnz.org/topics/basal-cell-carcinoma-affecting-the-ear-images/?stage=Live,B
https://dermnetnz.org/assets/Uploads/0633__FocusFillWzE1MCwxMTAsInkiLDIwXQ.jpg,Basal cell epithelioma affecting the eyelid images,https://dermnetnz.org/topics/basal-cell-carcinoma-affecting-the-eyelid-images/?stage=Live,B
https://dermnetnz.org/assets/Uploads/0616__FocusFillWzE1MCwxMTAsInkiLDIwXQ.jpg,Basal cell epithelioma affecting the face images,https://dermnetnz.org/topics/basal-cell-carcinoma-affecting-the-face-images/?stage=Live,B
https://dermnetnz.org/assets/Uploads/0629__FocusFillWzE1MCwxMTAsInkiLDIwXQ.jpg,Basal cell epithelioma affecting the nose images,https://dermnetnz.org/topics/basal-cell-carcinoma-affecting-the-nose-images/?stage=Live,B
https://dermnetnz.org/assets/Uploads/0653__FocusFillWzE1MCwxMTAsInkiLDFd.jpg,Basal cell epithelioma affecting the trunk images,https://dermnetnz.org/topics/basal-cell-carcinoma-affecting-the-trunk-images/?stage=Live,B
https://dermnetnz.org/assets/Uploads/0692__FocusFillWzE1MCwxMTAsInkiLDFd.jpg,Basalioma affecting the ear images,https://dermnetnz.org/topics/basal-cell-carcinoma-affecting-the-ear-images/?stage=Live,B
https://dermnetnz.org/assets/Uploads/0633__FocusFillWzE1MCwxMTAsInkiLDIwXQ.jpg,Basalioma affecting the eyelid images,https://dermnetnz.org/topics/basal-cell-carcinoma-affecting-the-eyelid-images/?stage=Live,B
https://dermnetnz.org/assets/Uploads/0616__FocusFillWzE1MCwxMTAsInkiLDIwXQ.jpg,Basalioma affecting the face images,https://dermnetnz.org/topics/basal-cell-carcinoma-affecting-the-face-images/?stage=Live,B
https://dermnetnz.org/assets/Uploads/0629__FocusFillWzE1MCwxMTAsInkiLDIwXQ.jpg,Basalioma affecting the nose images,https://dermnetnz.org/topics/basal-cell-carcinoma-affecting-the-nose-images/?stage=Live,B
https://dermnetnz.org/assets/Uploads/0653__FocusFillWzE1MCwxMTAsInkiLDFd.jpg,Basalioma affecting the trunk images,https://dermnetnz.org/topics/basal-cell-carcinoma-affecting-the-trunk-images/?stage=Live,B
https://dermnetnz.org/assets/collection/Behcet-disease/behcet-disease-00033__FocusFillWzE1MCwxMTAsInkiLDFd.jpg,Behcet disease images,https://dermnetnz.org/images/behcet-disease-images/?stage=Live,B
https://dermnetnz.org/assets/Uploads/atopic26-s__FocusFillWzE1MCwxMTAsInkiLDFd.jpg,Besnier prurigo images,https://dermnetnz.org/images/atopic-dermatitis-images/?stage=Live,B
https://dermnetnz.org/assets/Uploads/bp2__FocusFillWzE1MCwxMTAsIngiLDIzXQ.jpg,Bowenoid papulosis images,https://dermnetnz.org/topics/bowenoid-papulosis-images/?stage=Live,B
https://dermnetnz.org/assets/Uploads/3362__FocusFillWzE1MCwxMTAsInkiLDIwXQ.jpg,Bullous pemphigoid images,https://dermnetnz.org/topics/bullous-pemphigoid-images/?stage=Live,B
https://dermnetnz.org/assets/Uploads/covid-8__FocusFillWzE1MCwxMTAsInkiLDFd.JPG,COVID-19 images,https://dermnetnz.org/topics/covid-19-images/?stage=Live,C
https://dermnetnz.org/assets/Uploads/1282-big2__FocusFillWzE1MCwxMTAsInkiLDFd.jpg,"Candida affecting the lips, mouth and face images",https://dermnetnz.org/topics/candida-affecting-the-lips-mouth-and-face-images/?stage=Live,C
https://dermnetnz.org/assets/Uploads/1272__FocusFillWzE1MCwxMTAsInkiLDFd.jpg,Candida albicans affecting the nail images,https://dermnetnz.org/topics/candida-albicans-affecting-the-nail-images/?stage=Live,C
https://dermnetnz.org/assets/Uploads/1292__FocusFillWzE1MCwxMTAsInkiLDFd.jpg,Candida intertrigo images,https://dermnetnz.org/topics/candida-intertrigo-images/?stage=Live,C
https://dermnetnz.org/assets/Uploads/1265-small2__FocusFillWzE1MCwxMTAsInkiLDYzXQ.jpg,Candida vulvovaginitis images,https://dermnetnz.org/topics/candida-vulvovaginitis-images/?stage=Live,C
https://dermnetnz.org/assets/Uploads/1282-big2__FocusFillWzE1MCwxMTAsInkiLDFd.jpg,"Candidiasis affecting the lips, mouth and face images",https://dermnetnz.org/topics/candida-affecting-the-lips-mouth-and-face-images/?stage=Live,C
https://dermnetnz.org/assets/Uploads/1282-big2__FocusFillWzE1MCwxMTAsInkiLDFd.jpg,"Candidosis affecting the lips, mouth and face images",https://dermnetnz.org/topics/candida-affecting-the-lips-mouth-and-face-images/?stage=Live,C
https://dermnetnz.org/assets/Uploads/2509__FocusFillWzE1MCwxMTAsIngiLDdd.jpg,Capillaritis images,https://dermnetnz.org/topics/capillaritis-images/?stage=Live,C
https://dermnetnz.org/assets/Uploads/1317__FocusFillWzE1MCwxMTAsInkiLDFd.jpg,Cherry angioma images,https://dermnetnz.org/topics/cherry-angioma-images/?stage=Live,C
https://dermnetnz.org/assets/Uploads/dscn5640__FocusFillWzE1MCwxMTAsInkiLDFd.jpg,Chronic plaque psoriasis images,https://dermnetnz.org/topics/chronic-plaque-psoriasis-images/?stage=Live,C
https://dermnetnz.org/assets/Uploads/604__FocusFillWzE1MCwxMTAsInkiLDFd.jpg,Clark nevus images,https://dermnetnz.org/topics/atypical-naevus-images/?stage=Live,C
https://dermnetnz.org/assets/Uploads/clavus11-s2__FocusFillWzE1MCwxMTAsInkiLDFd.jpg,Clavus images,https://dermnetnz.org/topics/corn-clavus-images/?stage=Live,C
https://dermnetnz.org/assets/Uploads/keloid__FocusFillWzE1MCwxMTAsInkiLDBd.jpg,Conditions affecting the ear images,https://dermnetnz.org/topics/conditions-affecting-the-ear-images/?stage=Live,C
https://dermnetnz.org/assets/Uploads/2452__FocusFillWzE1MCwxMTAsInkiLDIwXQ.jpg,Contact allergic dermatitis of the arm and leg images,https://dermnetnz.org/topics/contact-allergic-dermatitis-of-the-arm-and-leg-images/?stage=Live,C
https://dermnetnz.org/assets/Uploads/2443__FocusFillWzE1MCwxMTAsInkiLDIwXQ.jpg,Contact allergic dermatitis of the face images,https://dermnetnz.org/topics/contact-allergic-dermatitis-of-the-face-images/?stage=Live,C
https://dermnetnz.org/assets/Uploads/eczalllehma__FocusFillWzE1MCwxMTAsInkiLDIwXQ.jpg,Contact allergic dermatitis of the hand images,https://dermnetnz.org/topics/contact-allergic-dermatitis-of-the-hand-images/?stage=Live,C
https://dermnetnz.org/assets/Uploads/2484__FocusFillWzE1MCwxMTAsInkiLDIwXQ.jpg,Contact allergic dermatitis of the torso images,https://dermnetnz.org/topics/contact-allergic-dermatitis-of-the-torso-images/?stage=Live,C
https://dermnetnz.org/assets/Uploads/2512__FocusFillWzE1MCwxMTAsInkiLDFd.jpg,Contact irritant dermatitis images,https://dermnetnz.org/topics/contact-irritant-dermatitis-images/?stage=Live,C
https://dermnetnz.org/assets/Uploads/clavus11-s__FocusFillWzE1MCwxMTAsInkiLDFd.jpg,Corn images,https://dermnetnz.org/topics/corn-clavus-images/?stage=Live,C
https://dermnetnz.org/assets/Uploads/horn-03-s-1__FocusFillWzE1MCwxMTAsInkiLDFd.jpg,Cutaneous horn images,https://dermnetnz.org/topics/cutaneous-horn-images/?stage=Live,C
https://dermnetnz.org/assets/Uploads/lupus-facial-s__FocusFillWzE1MCwxMTAsInkiLDFd.jpg,Cutaneous lupus erythematosus images,https://dermnetnz.org/topics/cutaneous-lupus-erythematosus-images/?stage=Live,C
https://dermnetnz.org/assets/Uploads/papulonecrotic-tb1-s__FocusFillWzE1MCwxMTAsInkiLDFd.jpg,Cutaneous tuberculosis images,https://dermnetnz.org/topics/cutaneous-tuberculosis-images/?stage=Live,C
https://dermnetnz.org/assets/Uploads/2617-1__FocusFillWzE1MCwxMTAsInkiLDE2XQ.jpg,Cysts affecting the vulval area images,https://dermnetnz.org/?stage=Live,C
https://dermnetnz.org/assets/Uploads/lymphoma1-s__FocusFillWzE1MCwxMTAsInkiLDFd.jpg,Deep dermal disorder images,https://dermnetnz.org/image-catalogue/deep-dermal-disorder-images/?stage=Live,D
https://dermnetnz.org/assets/Uploads/atopic26-s__FocusFillWzE1MCwxMTAsInkiLDFd.jpg,Dermatitis images,https://dermnetnz.org/images/atopic-dermatitis-images/?stage=Live,D
https://dermnetnz.org/assets/Uploads/2400__FocusFillWzE1MCwxMTAsInkiLDFd.jpg,Dermatofibroma images,https://dermnetnz.org/topics/dermatofibroma-images/?stage=Live,D
https://dermnetnz.org/assets/Uploads/dermatomyositis-eyelids-4__FocusFillWzE1MCwxMTAsIngiLDhd.jpg,Dermatomyositis images,https://dermnetnz.org/topics/dermatomyositis-images/?stage=Live,D
https://dermnetnz.org/assets/Uploads/dermographism04-s__FocusFillWzE1MCwxMTAsInkiLDFd.jpg,Dermographism images,https://dermnetnz.org/topics/dermographism-images/?stage=Live,D
https://dermnetnz.org/assets/Uploads/solar-lentigo9-s__FocusFillWzE1MCwxMTAsIngiLDVd.jpg,Dermoscopy course images,https://dermnetnz.org/image-catalogue/dermoscopy-course-images/?stage=Live,D
https://dermnetnz.org/assets/Uploads/myxoid3-s__FocusFillWzE1MCwxMTAsInkiLDFd.jpg,Digital myxoid cyst images,https://dermnetnz.org/topics/digital-myxoid-cyst-images/?stage=Live,D
https://dermnetnz.org/assets/Uploads/nummular-eczema39-s__FocusFillWzE1MCwxMTAsInkiLDBd.jpg,Discoid eczema images,https://dermnetnz.org/images/discoid-eczema-images/?stage=Live,D
https://dermnetnz.org/assets/Uploads/eosinophilic-ulcer-s3__FocusFillWzE1MCwxMTAsInkiLDFd.jpg,Disease relating to site or age images,https://dermnetnz.org/image-catalogue/disease-relating-to-site-or-age-images/?stage=Live,D
https://dermnetnz.org/assets/Uploads/2646__FocusFillWzE1MCwxMTAsInkiLDFd.jpg,Dry skin images,https://dermnetnz.org/topics/dry-skin-images/?stage=Live,D
https://dermnetnz.org/assets/Uploads/604__FocusFillWzE1MCwxMTAsInkiLDFd.jpg,Dysplastic naevi images,https://dermnetnz.org/topics/atypical-naevus-images/?stage=Live,D
https://dermnetnz.org/assets/Uploads/lesions/w/eccrine-poroma2__FocusFillWzE1MCwxMTAsInkiLDFd.jpg,Eccrine poroma images,https://dermnetnz.org/topics/eccrine-poroma-images/?stage=Live,E
https://dermnetnz.org/assets/Uploads/ecthyma-3-s__FocusFillWzE1MCwxMTAsInkiLDBd.jpg,Ecthyma images,https://dermnetnz.org/topics/ecthyma-images/?stage=Live,E
https://dermnetnz.org/assets/Uploads/eczema-herpticum02-s__FocusFillWzE1MCwxMTAsInkiLDFd.jpg,Eczema herpeticum images,https://dermnetnz.org/topics/eczema-herpeticum-images/?stage=Live,E
https://dermnetnz.org/assets/Uploads/EDS-hypermobility-02__FocusFillWzE1MCwxMTAsInkiLDFd.jpg,Ehlers–Danlos syndrome images,https://dermnetnz.org/topics/ehlers-danlos-syndrome-images/?stage=Live,E
https://dermnetnz.org/assets/Uploads/hfm3-s2__FocusFillWzE1MCwxMTAsInkiLDFd.jpg,Enteroviral infection images,https://dermnetnz.org/images/hand-foot-and-mouth-disease-images/?stage=Live,E
https://dermnetnz.org/assets/Uploads/cyst16-s__FocusFillWzE1MCwxMTAsInkiLDFd.jpg,Epidermal and pilar cyst images,https://dermnetnz.org/topics/epidermoid-and-trichilemmal-cyst-images/?stage=Live,E
https://dermnetnz.org/assets/Uploads/angiofibromas-19-s__FocusFillWzE1MCwxMTAsInkiLDFd.jpg,Epiloia images,https://dermnetnz.org/topics/tuberous-sclerosis-images/?stage=Live,E
https://dermnetnz.org/assets/Uploads/tuberous-sclerosis05-s__FocusFillWzE1MCwxMTAsInkiLDFd.jpg,Epiloia images,https://dermnetnz.org/topics/tuberous-sclerosis-images/?stage=Live,E
https://dermnetnz.org/assets/Uploads/fifth05-s__FocusFillWzE1MCwxMTAsInkiLDBd.jpg,Erythema infectiosum images,https://dermnetnz.org/topics/erythema-infectiosum-fifth-disease-images/?stage=Live,E
https://dermnetnz.org/assets/Uploads/ecm-16__FocusFillWzE1MCwxMTAsInkiLDFd.JPG,Erythema migrans images,https://dermnetnz.org/topics/erythema-migrans-images/?stage=Live,E
https://dermnetnz.org/assets/Uploads/emultifor3-s__FocusFillWzE1MCwxMTAsInkiLDFd.jpg,Erythema multiforme images,https://dermnetnz.org/topics/erythema-multiforme-images/?stage=Live,E
https://dermnetnz.org/assets/Uploads/en10-s__FocusFillWzE1MCwxMTAsInkiLDFd.jpg,Erythema nodosum images,https://dermnetnz.org/topics/erythema-nodosum-images/?stage=Live,E
https://dermnetnz.org/assets/Uploads/erythrasma05-s__FocusFillWzE1MCwxMTAsInkiLDFd.jpg,Erythrasma images,https://dermnetnz.org/topics/erythrasma-images/?stage=Live,E
https://dermnetnz.org/assets/Uploads/erythroderma-06-s__FocusFillWzE1MCwxMTAsInkiLDFd.jpg,Erythroderma images,https://dermnetnz.org/topics/erythroderma-images/?stage=Live,E
https://dermnetnz.org/assets/Uploads/102__FocusFillWzE1MCwxMTAsInkiLDFd.jpg,Extragenital lichen sclerosus images,https://dermnetnz.org/topics/extragenital-lichen-sclerosus-images/?stage=Live,E
https://dermnetnz.org/assets/Uploads/madarosis-21__FocusFillWzE1MCwxMTAsInkiLDFd.JPG,Eyebrow loss images,https://dermnetnz.org/topics/madarosis-images/?stage=Live,E
https://dermnetnz.org/assets/Uploads/madarosis-21__FocusFillWzE1MCwxMTAsInkiLDFd.JPG,Eyelash loss images,https://dermnetnz.org/topics/madarosis-images/?stage=Live,E
https://dermnetnz.org/assets/Uploads/eyelid-dermatitis-06-s__FocusFillWzE1MCwxMTAsInkiLDFd.jpg,Eyelid dermatitis images,https://dermnetnz.org/topics/eyelid-dermatitis-images/?stage=Live,E
https://dermnetnz.org/assets/Uploads/angiokeratoma-2__FocusFillWzE1MCwxMTAsInkiLDFd.JPG,Fabry disease images,https://dermnetnz.org/topics/angiokeratoma-images/?stage=Live,F
https://dermnetnz.org/assets/Uploads/Screen-Shot-2018-01-25-at-8__FocusFillWzE1MCwxMTAsIngiLDFd.28.37-PM.png,Facial acne images,https://dermnetnz.org/topics/acne-face-images/?stage=Live,F
https://dermnetnz.org/assets/Uploads/facial-psoriasis13-s__FocusFillWzE1MCwxMTAsInkiLDFd.jpg,Facial psoriasis images,https://dermnetnz.org/topics/facial-psoriasis-images/?stage=Live,F
https://dermnetnz.org/assets/Uploads/birt-hogg-dube-8__FocusFillWzE1MCwxMTAsInkiLDFd.JPG,Fibrofolliculomas in Birt–Hogg–Dubé images,https://dermnetnz.org/topics/fibrofolliculomas-in-birthoggdube-images/?stage=Live,F
https://dermnetnz.org/assets/Uploads/fifth05-s__FocusFillWzE1MCwxMTAsInkiLDBd.jpg,Fifth disease images,https://dermnetnz.org/topics/erythema-infectiosum-fifth-disease-images/?stage=Live,F
https://dermnetnz.org/assets/Uploads/m-marinum-2-s__FocusFillWzE1MCwxMTAsInkiLDFd.jpg,Fishtank granuloma images,https://dermnetnz.org/topics/atypical-mycobacterial-infection-images/?stage=Live,F
https://dermnetnz.org/assets/Uploads/psorkai3__FocusFillWzE1MCwxMTAsInkiLDFd.JPG,Flexural psoriasis images,https://dermnetnz.org/topics/flexural-psoriasis-images/?stage=Live,F
https://dermnetnz.org/assets/Uploads/2650__FocusFillWzE1MCwxMTAsInkiLDIwXQ.jpg,Folliculitis images,https://dermnetnz.org/topics/folliculitis-images/?stage=Live,F
https://dermnetnz.org/assets/Uploads/3720__FocusFillWzE1MCwxMTAsInkiLDFd.jpg,Folliculitis keloidalis images,https://dermnetnz.org/topics/folliculitis-keloidalis-images/?stage=Live,F
https://dermnetnz.org/assets/Uploads/angiokeratoma-2__FocusFillWzE1MCwxMTAsInkiLDFd.JPG,Fordyce angiokeratoma images,https://dermnetnz.org/topics/angiokeratoma-images/?stage=Live,F
https://dermnetnz.org/assets/Uploads/tinea-barbae001-s__FocusFillWzE1MCwxMTAsInkiLDFd.jpg,Fungal skin infection images,https://dermnetnz.org/image-catalogue/fungal-skin-infection-images/?stage=Live,F
https://dermnetnz.org/assets/Uploads/gen-pustular-psoriasis-03__FocusFillWzE1MCwxMTAsInkiLDFd.JPG,Generalised pustular psoriasis images,https://dermnetnz.org/topics/generalised-pustular-psoriasis-images/?stage=Live,G
https://dermnetnz.org/assets/Uploads/genital-crohn-1-s__FocusFillWzE1MCwxMTAsInkiLDM5XQ.jpg,Genital Crohn disease images,https://dermnetnz.org/topics/genital-crohn-disease-images/?stage=Live,G
https://dermnetnz.org/assets/Uploads/hsbuttock2-s__FocusFillWzE1MCwxMTAsInkiLDFd.jpg,Genital herpes images,https://dermnetnz.org/topics/genital-herpes-images/?stage=Live,G
https://dermnetnz.org/assets/Uploads/2381-s3__FocusFillWzE1MCwxMTAsInkiLDEwXQ.jpg,Genital lichen planus images,https://dermnetnz.org/images/genital-lichen-planus-images/?stage=Live,G
https://dermnetnz.org/assets/Uploads/genital-psoriasis-09-s2__FocusFillWzE1MCwxMTAsInkiLDEyXQ.jpg,Genital psoriasis images,https://dermnetnz.org/topics/genital-psoriasis-images/?stage=Live,G
https://dermnetnz.org/assets/Uploads/gw2-small2__FocusFillWzE1MCwxMTAsInkiLDE1XQ.jpg,Genital wart images,https://dermnetnz.org/images/genital-wart-images/?stage=Live,G
https://dermnetnz.org/assets/Uploads/2509__FocusFillWzE1MCwxMTAsIngiLDdd.jpg,Gougerot Blum images,https://dermnetnz.org/topics/capillaritis-images/?stage=Live,G
https://dermnetnz.org/assets/Uploads/gout6-s__FocusFillWzE1MCwxMTAsInkiLDFd.jpg,Gouty tophus images,https://dermnetnz.org/topics/gouty-tophi-images/?stage=Live,G
https://dermnetnz.org/assets/Uploads/granular-parakeratosis-8__FocusFillWzE1MCwxMTAsInkiLDFd.jpg,Granular parakeratosis images,https://dermnetnz.org/topics/granular-parakeratosis-images/?stage=Live,G
https://dermnetnz.org/assets/Uploads/ga12-s__FocusFillWzE1MCwxMTAsInkiLDFd.jpg,Granuloma annulare images,https://dermnetnz.org/topics/granuloma-annulare-images/?stage=Live,G
https://dermnetnz.org/assets/Uploads/scaly/grovers-disease/2729__FocusFillWzE1MCwxMTAsInkiLDFd.jpg,Grover disease,https://dermnetnz.org/topics/transient-acantholytic-dermatosis-images/?stage=Live,G
https://dermnetnz.org/assets/Uploads/2756__FocusFillWzE1MCwxMTAsInkiLDFd.jpg,Guttate psoriasis images,https://dermnetnz.org/topics/guttate-psoriasis-images/?stage=Live,G
https://dermnetnz.org/assets/Uploads/woolly-hair-naevus2-s2__FocusFillWzE1MCwxMTAsInkiLDFd.jpg,"Hair, scalp, nail and sweat images",https://dermnetnz.org/image-catalogue/hair-scalp-nail-and-sweat-images/?stage=Live,H
https://dermnetnz.org/assets/Uploads/bml-h2-thunmbnail__FocusFillWzE1MCwxMTAsInkiLDFd.jpg,Halo mole images,https://dermnetnz.org/topics/halo-mole-images/?stage=Live,H
https://dermnetnz.org/assets/Uploads/2808__FocusFillWzE1MCwxMTAsInkiLDIwXQ.jpg,Hand dermatitis images,https://dermnetnz.org/topics/hand-dermatitis-images/?stage=Live,H
https://dermnetnz.org/assets/Uploads/hfm3-s3__FocusFillWzE1MCwxMTAsInkiLDFd.jpg,Hand foot and mouth disease images,https://dermnetnz.org/images/hand-foot-and-mouth-disease-images/?stage=Live,H
https://dermnetnz.org/assets/Uploads/2881__FocusFillWzE1MCwxMTAsInkiLDFd.jpg,Herpes simplex images,https://dermnetnz.org/topics/herpes-simplex-images/?stage=Live,H
https://dermnetnz.org/assets/Uploads/zoster-14-s__FocusFillWzE1MCwxMTAsInkiLDFd.jpg,Herpes zoster images,https://dermnetnz.org/topics/herpes-zoster-images/?stage=Live,H
https://dermnetnz.org/assets/Uploads/hs-axilla-54__FocusFillWzE1MCwxMTAsInkiLDFd.JPG,Hidradenitis suppurativa images,https://dermnetnz.org/topics/hidradenitis-suppurativa-images/?stage=Live,H
https://dermnetnz.org/assets/Uploads/hidrocystoma-3__FocusFillWzE1MCwxMTAsInkiLDFd.jpg,Hidrocystoma images,https://dermnetnz.org/topics/hidrocystoma-images/?stage=Live,H
https://dermnetnz.org/assets/Uploads/12a-amelanotic-melanoma__FocusFillWzE1MCwxMTAsInkiLDFd.jpg,Hypomelanotic malignant melanoma images,https://dermnetnz.org/images/amelanotic-melanoma-images/?stage=Live,H
https://dermnetnz.org/assets/Uploads/ichthyosis-25-s__FocusFillWzE1MCwxMTAsInkiLDFd.jpg,Ichthyosis images,https://dermnetnz.org/topics/ichthyosis-images/?stage=Live,I
https://dermnetnz.org/assets/Uploads/htrophicle-s__FocusFillWzE1MCwxMTAsInkiLDFd.jpg,Immunological disorder images,https://dermnetnz.org/image-catalogue/immunological-disorder-images/?stage=Live,I
https://dermnetnz.org/assets/Uploads/impet8-s__FocusFillWzE1MCwxMTAsInkiLDFd.jpg,Impetigo images,https://dermnetnz.org/images/impetigo-images/?stage=Live,I
https://dermnetnz.org/assets/Uploads/2916__FocusFillWzE1MCwxMTAsInkiLDFd.jpg,In situ squamous cell carcinoma images,https://dermnetnz.org/topics/intraepidermal-carcinoma-images/?stage=Live,I
https://dermnetnz.org/assets/Uploads/infantile-acne1-s__FocusFillWzE1MCwxMTAsInkiLDFd.jpg,Infantile acne images,https://dermnetnz.org/topics/infantile-acne-images/?stage=Live,I
https://dermnetnz.org/assets/Uploads/gcs09-s__FocusFillWzE1MCwxMTAsInkiLDFd.jpg,Infantile papular acrodermatitis images,https://dermnetnz.org/topics/infantile-papular-acrodermatitis-images/?stage=Live,I
https://dermnetnz.org/assets/Uploads/bites-s__FocusFillWzE1MCwxMTAsInkiLDFd.jpg,Insect bite images,https://dermnetnz.org/topics/insect-bite-images/?stage=Live,I
https://dermnetnz.org/assets/Uploads/leishmaniasis1__FocusFillWzE1MCwxMTAsInkiLDFd.jpg,"Insect, mite and worm bite images",https://dermnetnz.org/image-catalogue/insect-mite-and-worm-bite-images/?stage=Live,I
https://dermnetnz.org/assets/Uploads/jpd10-s__FocusFillWzE1MCwxMTAsInkiLDFd.jpg,Juvenile plantar dermatosis images,https://dermnetnz.org/topics/juvenile-plantar-dermatosis-images/?stage=Live,J
https://dermnetnz.org/assets/Uploads/plaque2__FocusFillWzE1MCwxMTAsIngiLDZd.jpg,Kaposi sarcoma images,https://dermnetnz.org/topics/kaposi-sarcoma-images/?stage=Live,K
https://dermnetnz.org/assets/Uploads/keloid22-s__FocusFillWzE1MCwxMTAsInkiLDFd.jpg,Keloid images,https://dermnetnz.org/images/keloid-images/?stage=Live,K
https://dermnetnz.org/assets/Uploads/3001__FocusFillWzE1MCwxMTAsInkiLDFd.jpg,Keratoacanthoma images,https://dermnetnz.org/topics/keratoacanthoma-images/?stage=Live,K
https://dermnetnz.org/assets/Uploads/keratolytic-winter-erythema-08__FocusFillWzE1MCwxMTAsIngiLDdd.jpg,Keratolytic winter erythema,https://dermnetnz.org/topics/keratolytic-winter-erythema-images/?stage=Live,K
https://dermnetnz.org/assets/Uploads/3014__FocusFillWzE1MCwxMTAsInkiLDFd.jpg,Keratosis pilaris images,https://dermnetnz.org/topics/keratosis-pilaris-images/?stage=Live,K
https://dermnetnz.org/assets/Uploads/kerion09-s__FocusFillWzE1MCwxMTAsInkiLDFd.jpg,Kerion images,https://dermnetnz.org/topics/kerion-images/?stage=Live,K
https://dermnetnz.org/assets/Uploads/labial-fusion05-s__FocusFillWzE1MCwxMTAsInkiLDUwXQ.jpg,Labial fusion images,https://dermnetnz.org/topics/labial-fusion-images/?stage=Live,L
https://dermnetnz.org/assets/Uploads/lax-beetle-3__FocusFillWzE1MCwxMTAsInkiLDFd.jpg,Lax beetle images,https://dermnetnz.org/topics/?stage=Live,L
https://dermnetnz.org/assets/Uploads/3061__FocusFillWzE1MCwxMTAsInkiLDQ1XQ.jpg,Leg ulcer images,https://dermnetnz.org/topics/leg-ulcer-images/?stage=Live,L
https://dermnetnz.org/assets/Uploads/cutaneous-leishmaniasis-19-v3__FocusFillWzE1MCwxMTAsInkiLDFd.JPG,Leishmaniasis images,https://dermnetnz.org/?stage=Live,L
https://dermnetnz.org/assets/Uploads/lentigo10-s__FocusFillWzE1MCwxMTAsInkiLDFd.jpg,Lentigo images,https://dermnetnz.org/topics/lentigo-images/?stage=Live,L
https://dermnetnz.org/assets/Uploads/lmm5-big2__FocusFillWzE1MCwxMTAsInkiLDFd.jpg,Lentigo maligna melanoma images,https://dermnetnz.org/images/lentigo-maligna-melanoma-images/?stage=Live,L
https://dermnetnz.org/assets/Uploads/ep-n5-s__FocusFillWzE1MCwxMTAsInkiLDFd.jpg,"Lesion, tumour and cancer images",https://dermnetnz.org/image-catalogue/lesion-tumour-and-cancer-images/?stage=Live,L
https://dermnetnz.org/assets/Uploads/2509__FocusFillWzE1MCwxMTAsIngiLDdd.jpg,Lichen aureus images,https://dermnetnz.org/topics/capillaritis-images/?stage=Live,L
https://dermnetnz.org/assets/Uploads/3078__FocusFillWzE1MCwxMTAsInkiLDFd.jpg,Lichen planus images,https://dermnetnz.org/images/lichen-planus-images/?stage=Live,L
https://dermnetnz.org/assets/Uploads/lichen-planus-matrix-2-s__FocusFillWzE1MCwxMTAsInkiLDFd.jpg,Lichen planus nail images,https://dermnetnz.org/images/nail-lichen-planus-images/?stage=Live,L
https://dermnetnz.org/assets/Uploads/3118__FocusFillWzE1MCwxMTAsIngiLDdd.jpg,Lichen simplex images,https://dermnetnz.org/?stage=Live,L
https://dermnetnz.org/assets/Uploads/acute-lipodermatosclerosis-06__FocusFillWzE1MCwxMTAsInkiLDFd.JPG,Lipodermatosclerosis,https://dermnetnz.org/topics/lipodermatosclerosis-images/?stage=Live,L
https://dermnetnz.org/assets/Uploads/madarosis-21__FocusFillWzE1MCwxMTAsInkiLDFd.JPG,Loss of eyebrows images,https://dermnetnz.org/topics/madarosis-images/?stage=Live,L
https://dermnetnz.org/assets/Uploads/madarosis-21__FocusFillWzE1MCwxMTAsInkiLDFd.JPG,Loss of eyelashes images,https://dermnetnz.org/topics/madarosis-images/?stage=Live,L
https://dermnetnz.org/assets/Uploads/madarosis-21__FocusFillWzE1MCwxMTAsInkiLDFd.JPG,Madarosis images,https://dermnetnz.org/topics/madarosis-images/?stage=Live,M
https://dermnetnz.org/assets/Uploads/2509__FocusFillWzE1MCwxMTAsIngiLDdd.jpg,Majocchi purpura images,https://dermnetnz.org/topics/capillaritis-images/?stage=Live,M
https://dermnetnz.org/assets/Uploads/extra-paget-04__FocusFillWzE1MCwxMTAsInkiLDFd.JPG,Mammmary and extramammary Paget disease,https://dermnetnz.org/topics/mammary-and-extramammary-paget-disease-of-the-skin-images/?stage=Live,M
https://dermnetnz.org/assets/Uploads/measles10-s__FocusFillWzE1MCwxMTAsInkiLDFd.jpg,Measles images,https://dermnetnz.org/topics/measles-images/?stage=Live,M
https://dermnetnz.org/assets/Uploads/alm17__FocusFillWzE1MCwxMTAsInkiLDFd.jpg,Melanoma in situ images,https://dermnetnz.org/topics/melanoma-in-situ-images/?stage=Live,M
https://dermnetnz.org/assets/Uploads/melanoma-s2__FocusFillWzE1MCwxMTAsInkiLDFd.jpg,Melanoma of nail unit images,https://dermnetnz.org/topics/melanoma-of-nail-unit-images/?stage=Live,M
https://dermnetnz.org/assets/Uploads/melanonychia-08-s__FocusFillWzE1MCwxMTAsInkiLDBd.jpg,Melanonychia images,https://dermnetnz.org/topics/melanonychia-images/?stage=Live,M
https://dermnetnz.org/assets/Uploads/3130__FocusFillWzE1MCwxMTAsInkiLDFd.jpg,Melasma images,https://dermnetnz.org/topics/melasma-images/?stage=Live,M
https://dermnetnz.org/assets/Uploads/metastatic-melanoma-008__FocusFillWzE1MCwxMTAsIngiLDdd.JPG,Metastatic melanoma images,https://dermnetnz.org/topics/metastatic-melanoma-images/?stage=Live,M
https://dermnetnz.org/assets/Uploads/milia-18__FocusFillWzE1MCwxMTAsInkiLDFd.jpg,Milia images,https://dermnetnz.org/topics/milia-images/?stage=Live,M
https://dermnetnz.org/assets/Uploads/3180__FocusFillWzE1MCwxMTAsInkiLDFd.jpg,Mole images,https://dermnetnz.org/topics/mole-images/?stage=Live,M
https://dermnetnz.org/assets/Uploads/molluscum50-s__FocusFillWzE1MCwxMTAsInkiLDBd.jpg,Molluscum contagiosum images,https://dermnetnz.org/topics/molluscum-contagiosum-images/?stage=Live,M
https://dermnetnz.org/assets/Uploads/1282-big2__FocusFillWzE1MCwxMTAsInkiLDFd.jpg,"Moniliasis affecting the lips, mouth and face images",https://dermnetnz.org/topics/candida-affecting-the-lips-mouth-and-face-images/?stage=Live,M
https://dermnetnz.org/assets/Uploads/3193__FocusFillWzE1MCwxMTAsInkiLDIwXQ.jpg,Morphea images,https://dermnetnz.org/topics/morphoea-images/?stage=Live,M
https://dermnetnz.org/assets/Uploads/3227__FocusFillWzE1MCwxMTAsInkiLDIwXQ.jpg,Nail psoriasis images,https://dermnetnz.org/topics/nail-psoriasis-images/?stage=Live,N
https://dermnetnz.org/assets/Uploads/nec-fas9-s__FocusFillWzE1MCwxMTAsInkiLDFd.jpg,Necrotising fasciitis images,https://dermnetnz.org/topics/necrotising-fasciitis-images/?stage=Live,N
https://dermnetnz.org/assets/Uploads/nf7__FocusFillWzE1MCwxMTAsInkiLDFd.jpg,Neurofibromatosis images,https://dermnetnz.org/topics/neurofibromatosis-images/?stage=Live,N
https://dermnetnz.org/assets/Uploads/nBCC__FocusFillWzE1MCwxMTAsIngiLDdd.jpg,Nodular BCC images,https://dermnetnz.org/topics/nodular-bcc-images/?stage=Live,N
https://dermnetnz.org/assets/Uploads/nBCC3__FocusFillWzE1MCwxMTAsIngiLDdd.jpg,Nodular basal cell carcinoma images,https://dermnetnz.org/topics/nodular-bcc-images/?stage=Live,N
https://dermnetnz.org/assets/Uploads/nm3-s__FocusFillWzE1MCwxMTAsInkiLDFd.jpg,Nodular melanoma images,https://dermnetnz.org/images/nodular-melanoma-images/?stage=Live,N
https://dermnetnz.org/assets/Uploads/m-marinum-2-s__FocusFillWzE1MCwxMTAsInkiLDFd.jpg,Nontuberculous mycobacteria images,https://dermnetnz.org/topics/atypical-mycobacterial-infection-images/?stage=Live,N
https://dermnetnz.org/assets/Uploads/nummular-eczema39-s__FocusFillWzE1MCwxMTAsInkiLDBd.jpg,Nummular dermatitis images,https://dermnetnz.org/images/discoid-eczema-images/?stage=Live,N
https://dermnetnz.org/assets/Uploads/orf15-s__FocusFillWzE1MCwxMTAsInkiLDBd.jpg,Orf images,https://dermnetnz.org/topics/orf-images/?stage=Live,O
https://dermnetnz.org/assets/Uploads/pmle-12__FocusFillWzE1MCwxMTAsInkiLDFd.jpg,PMLE images,https://dermnetnz.org/images/polymorphic-light-eruption-images/?stage=Live,P
https://dermnetnz.org/assets/Uploads/ppps03-s__FocusFillWzE1MCwxMTAsIngiLDld.jpg,Palmoplantar psoriasis images,https://dermnetnz.org/topics/palmoplantar-psoriasis-images/?stage=Live,P
https://dermnetnz.org/assets/Uploads/palmar-pustulosis-01__FocusFillWzE1MCwxMTAsIngiLDld.JPG,Palmoplantar pustulosis images,https://dermnetnz.org/topics/palmoplantar-pustulosis-images/?stage=Live,P
https://dermnetnz.org/assets/Uploads/3295__FocusFillWzE1MCwxMTAsInkiLDFd.jpg,Paronychia images,https://dermnetnz.org/topics/paronychia-images/?stage=Live,P
https://dermnetnz.org/assets/Uploads/3312__FocusFillWzE1MCwxMTAsInkiLDFd.jpg,Patch test images,https://dermnetnz.org/topics/patch-test-images/?stage=Live,P
https://dermnetnz.org/assets/Uploads/pemphigus-vulgaris-20__FocusFillWzE1MCwxMTAsInkiLDFd.JPG,Pemphigus vulgaris,https://dermnetnz.org/images/pemphigus-vulgaris-images/?stage=Live,P
https://dermnetnz.org/assets/Uploads/pin1-1__FocusFillWzE1MCwxMTAsInkiLDhd.jpg,Penile epithelial neoplasia images,https://dermnetnz.org/topics/penile-epithelial-neoplasia-images/?stage=Live,P
https://dermnetnz.org/assets/Uploads/balanitis4-s-1__FocusFillWzE1MCwxMTAsInkiLDIzXQ.jpg,Penile infections images,https://dermnetnz.org/topics/balanitis-images/?stage=Live,P
https://dermnetnz.org/assets/Uploads/2381-s3__FocusFillWzE1MCwxMTAsInkiLDEwXQ.jpg,Penile lichen planus images,https://dermnetnz.org/images/genital-lichen-planus-images/?stage=Live,P
https://dermnetnz.org/assets/Uploads/088-small__FocusFillWzE1MCwxMTAsInkiLDQ0XQ.jpg,Penile lichen sclerosus,https://dermnetnz.org/topics/penile-lichen-sclerosus-images/?stage=Live,P
https://dermnetnz.org/assets/Uploads/ppp1-small2__FocusFillWzE1MCwxMTAsIngiLDIwXQ.jpg,Penile pearly papules images,https://dermnetnz.org/topics/pearly-penile-papules-images/?stage=Live,P
https://dermnetnz.org/assets/Uploads/086-small2__FocusFillWzE1MCwxMTAsIngiLDEyXQ.jpg,Perianal lichen sclerosus images,https://dermnetnz.org/topics/perianal-lichen-sclerosus-images/?stage=Live,P
https://dermnetnz.org/assets/Uploads/3413__FocusFillWzE1MCwxMTAsInkiLDFd.jpg,Perioral dermatitis images,https://dermnetnz.org/images/periorificial-dermatitis-images/?stage=Live,P
https://dermnetnz.org/assets/Uploads/perleche13-s__FocusFillWzE1MCwxMTAsInkiLDFd.jpg,Perleche images,https://dermnetnz.org/images/angular-cheilitis-images/?stage=Live,P
https://dermnetnz.org/assets/Uploads/perleche13-s__FocusFillWzE1MCwxMTAsInkiLDFd.jpg,Perlèche images,https://dermnetnz.org/images/angular-cheilitis-images/?stage=Live,P
https://dermnetnz.org/assets/Uploads/uva1-s__FocusFillWzE1MCwxMTAsInkiLDc3XQ.jpg,Phototherapy course images,https://dermnetnz.org/image-catalogue/phototherapy-course-images/?stage=Live,P
https://dermnetnz.org/assets/Uploads/piezogenic-papules1-s__FocusFillWzE1MCwxMTAsInkiLDFd.jpg,Piezogenic papule images,https://dermnetnz.org/topics/piezogenic-papule-images/?stage=Live,P
https://dermnetnz.org/assets/Uploads/vitiligo-51-s__FocusFillWzE1MCwxMTAsInkiLDFd.jpg,Pigmentation problem images,https://dermnetnz.org/image-catalogue/pigmentation-problem-images/?stage=Live,P
https://dermnetnz.org/assets/Uploads/2509__FocusFillWzE1MCwxMTAsIngiLDdd.jpg,Pigmented purpura images,https://dermnetnz.org/topics/capillaritis-images/?stage=Live,P
https://dermnetnz.org/assets/Uploads/2509__FocusFillWzE1MCwxMTAsIngiLDdd.jpg,Pigmented purpuric lichenoid dermatosis images,https://dermnetnz.org/topics/capillaritis-images/?stage=Live,P
https://dermnetnz.org/assets/Uploads/pityriasis-alba-3-s__FocusFillWzE1MCwxMTAsInkiLDFd.jpg,Pityriasis alba images,https://dermnetnz.org/images/pityrasis-alba-images/?stage=Live,P
https://dermnetnz.org/assets/Uploads/pit-rosea26-s__FocusFillWzE1MCwxMTAsInkiLDFd.jpg,Pityriasis rosea images,https://dermnetnz.org/?stage=Live,P
https://dermnetnz.org/assets/Uploads/pitver2s__FocusFillWzE1MCwxMTAsInkiLDFd.jpg,Pityriasis versicolor images,https://dermnetnz.org/topics/pityriasis-versicolor-images/?stage=Live,P
https://dermnetnz.org/assets/Uploads/plasma1__FocusFillWzE1MCwxMTAsIngiLDI2XQ.jpg,Plasma cell balanitis/vulvitis images,https://dermnetnz.org/topics/plasma-cell-balanitisvulvitis-images/?stage=Live,P
https://dermnetnz.org/assets/Uploads/pmle-12__FocusFillWzE1MCwxMTAsInkiLDFd.jpg,Polymorphic light eruption images,https://dermnetnz.org/images/polymorphic-light-eruption-images/?stage=Live,P
https://dermnetnz.org/assets/Uploads/pmle-12__FocusFillWzE1MCwxMTAsInkiLDFd.jpg,Polymorphous light eruption images,https://dermnetnz.org/images/polymorphic-light-eruption-images/?stage=Live,P
https://dermnetnz.org/assets/Uploads/3517__FocusFillWzE1MCwxMTAsInkiLDIwXQ.jpg,Pompholyx images,https://dermnetnz.org/topics/pompholyx-images/?stage=Live,P
https://dermnetnz.org/assets/Uploads/pretibial-myxoedema-17-s__FocusFillWzE1MCwxMTAsInkiLDFd.jpg,Pretibial myxoedema images,https://dermnetnz.org/topics/pretibial-myxoedema-images/?stage=Live,P
https://dermnetnz.org/assets/Uploads/tape-reaction-s__FocusFillWzE1MCwxMTAsInkiLDFd.jpg,Principals of dermatological practice course images,https://dermnetnz.org/image-catalogue/principals-of-dermatological-practice-course-images/?stage=Live,P
https://dermnetnz.org/assets/Uploads/mohs5-s__FocusFillWzE1MCwxMTAsInkiLDFd.jpg,Procedures images,https://dermnetnz.org/image-catalogue/procedures-images/?stage=Live,P
https://dermnetnz.org/assets/Uploads/prurigo-pregnancy-05-s__FocusFillWzE1MCwxMTAsInkiLDFd.jpg,Prurigo of pregnancy images,https://dermnetnz.org/topics/prurigo-of-pregnancy-images/?stage=Live,P
https://dermnetnz.org/assets/Uploads/facial-psoriasis13-s2__FocusFillWzE1MCwxMTAsInkiLDFd.jpg,Psoriasis affecting the face images,https://dermnetnz.org/topics/facial-psoriasis-images/?stage=Live,P
https://dermnetnz.org/assets/Uploads/3567__FocusFillWzE1MCwxMTAsInkiLDFd.jpg,Psoriasis of the scalp images,https://dermnetnz.org/topics/psoriasis-of-the-scalp-images/?stage=Live,P
https://dermnetnz.org/assets/Uploads/2509__FocusFillWzE1MCwxMTAsIngiLDdd.jpg,Purpura annularis telangiectodes images,https://dermnetnz.org/topics/capillaritis-images/?stage=Live,P
https://dermnetnz.org/assets/Uploads/ppps03-s__FocusFillWzE1MCwxMTAsIngiLDld.jpg,Pustular psoriasis of the hand and feet images,https://dermnetnz.org/topics/palmoplantar-pustulosis-images/?stage=Live,P
https://dermnetnz.org/assets/Uploads/cle1-s__FocusFillWzE1MCwxMTAsInkiLDFd.jpg,Reactions to external agent images,https://dermnetnz.org/image-catalogue/reactions-to-external-agent-images/?stage=Live,R
https://dermnetnz.org/assets/Uploads/rhinophyma-03-s__FocusFillWzE1MCwxMTAsInkiLDFd.jpg,Rhinophyma images,https://dermnetnz.org/topics/rhinophyma-images/?stage=Live,R
https://dermnetnz.org/assets/Uploads/0692__FocusFillWzE1MCwxMTAsInkiLDFd.jpg,Rodent ulcer affecting the ear images,https://dermnetnz.org/topics/basal-cell-carcinoma-affecting-the-ear-images/?stage=Live,R
https://dermnetnz.org/assets/Uploads/0633__FocusFillWzE1MCwxMTAsInkiLDIwXQ.jpg,Rodent ulcer affecting the eyelid images,https://dermnetnz.org/topics/basal-cell-carcinoma-affecting-the-eyelid-images/?stage=Live,R
https://dermnetnz.org/assets/Uploads/0616__FocusFillWzE1MCwxMTAsInkiLDIwXQ.jpg,Rodent ulcer affecting the face images,https://dermnetnz.org/topics/basal-cell-carcinoma-affecting-the-face-images/?stage=Live,R
https://dermnetnz.org/assets/Uploads/0629__FocusFillWzE1MCwxMTAsInkiLDIwXQ.jpg,Rodent ulcer affecting the nose images,https://dermnetnz.org/topics/basal-cell-carcinoma-affecting-the-nose-images/?stage=Live,R
https://dermnetnz.org/assets/Uploads/0653__FocusFillWzE1MCwxMTAsInkiLDFd.jpg,Rodent ulcer affecting the trunk images,https://dermnetnz.org/topics/basal-cell-carcinoma-affecting-the-trunk-images/?stage=Live,R
https://dermnetnz.org/assets/Uploads/3618__FocusFillWzE1MCwxMTAsInkiLDFd.jpg,Rosacea images,https://dermnetnz.org/images/rosacea-images/?stage=Live,R
https://dermnetnz.org/assets/Uploads/roseola-001__FocusFillWzE1MCwxMTAsInkiLDFd.jpg,Roseola images,https://dermnetnz.org/topics/roseola-images/?stage=Live,R
https://dermnetnz.org/assets/Uploads/sjs-ten-trunk-148__FocusFillWzE1MCwxMTAsInkiLDFd.JPG,SJS-TEN images,https://dermnetnz.org/topics/sjs-ten-images/?stage=Live,S
https://dermnetnz.org/assets/Uploads/sle-07-s2__FocusFillWzE1MCwxMTAsInkiLDFd.jpg,SLE images,https://dermnetnz.org/topics/systemic-lupus-erythematosus-images/?stage=Live,S
https://dermnetnz.org/assets/Uploads/scabies28-s__FocusFillWzE1MCwxMTAsInkiLDFd.jpg,Scabies images,https://dermnetnz.org/images/scabies-images/?stage=Live,S
https://dermnetnz.org/assets/Uploads/3664__FocusFillWzE1MCwxMTAsIngiLDRd.jpg,Scalp folliculitis images,https://dermnetnz.org/topics/scalp-folliculitis-images/?stage=Live,S
https://dermnetnz.org/assets/Uploads/darier-post-s__FocusFillWzE1MCwxMTAsInkiLDFd.jpg,Scaly skin disease images,https://dermnetnz.org/image-catalogue/scaly-skin-disease-images/?stage=Live,S
https://dermnetnz.org/assets/Uploads/2509__FocusFillWzE1MCwxMTAsIngiLDdd.jpg,Schamberg disease images,https://dermnetnz.org/topics/capillaritis-images/?stage=Live,S
https://dermnetnz.org/assets/Uploads/3773__FocusFillWzE1MCwxMTAsInkiLDIwXQ.jpg,Sebaceous hyperplasia images,https://dermnetnz.org/topics/sebaceous-hyperplasia-images/?stage=Live,S
https://dermnetnz.org/assets/Uploads/sebk-dermoscopy31-s__FocusFillWzE1MCwxMTAsInkiLDFd.jpg,Seborrhoeic keratosis dermoscopy images,https://dermnetnz.org/topics/seborrhoeic-keratosis-dermoscopy-images/?stage=Live,S
https://dermnetnz.org/assets/Uploads/sebks21-s__FocusFillWzE1MCwxMTAsInkiLDFd.jpg,Seborrhoeic keratosis images,https://dermnetnz.org/topics/seborrhoeic-keratosis-images/?stage=Live,S
https://dermnetnz.org/assets/Uploads/shiitake-flagellate-erythema-3__FocusFillWzE1MCwxMTAsInkiLDFd.jpg,Shiitake flagellate dermatitis images,https://dermnetnz.org/topics/shiitake-flagellate-dermatitis-images/?stage=Live,S
https://dermnetnz.org/assets/Uploads/igg4-related-3-sm__FocusFillWzE1MCwxMTAsInkiLDBd.jpg,Skin pathology images,https://dermnetnz.org/image-catalogue/skin-pathology-images/?stage=Live,S
https://dermnetnz.org/assets/Uploads/tuberous-sclerosis02-s__FocusFillWzE1MCwxMTAsInkiLDBd.jpg,Skin signs of systemic disease images,https://dermnetnz.org/image-catalogue/skin-signs-of-systemic-disease-images/?stage=Live,S
https://dermnetnz.org/assets/Uploads/skintag03-s__FocusFillWzE1MCwxMTAsInkiLDFd.jpg,Skin tag images,https://dermnetnz.org/topics/skin-tag-images/?stage=Live,S
https://dermnetnz.org/assets/Uploads/248__FocusFillWzE1MCwxMTAsInkiLDFd.jpg,Solar keratosis affecting the face images,https://dermnetnz.org/topics/actinic-keratosis-face-images/?stage=Live,S
https://dermnetnz.org/assets/Uploads/393__FocusFillWzE1MCwxMTAsInkiLDFd.jpg,Solar keratosis affecting the hand images,https://dermnetnz.org/topics/actinic-keratosis-affecting-the-hand-images/?stage=Live,S
https://dermnetnz.org/assets/Uploads/478__FocusFillWzE1MCwxMTAsInkiLDFd.jpg,Solar keratosis affecting the legs and feet images,https://dermnetnz.org/topics/actinic-keratosis-leg-and-foot-images/?stage=Live,S
https://dermnetnz.org/assets/Uploads/418__FocusFillWzE1MCwxMTAsInkiLDFd.jpg,Solar keratosis affecting the scalp images,https://dermnetnz.org/topics/actinic-keratosis-scalp-images/?stage=Live,S
https://dermnetnz.org/assets/Uploads/sks-nose3-s__FocusFillWzE1MCwxMTAsInkiLDFd.jpg,Solar keratosis on the nose images,https://dermnetnz.org/topics/actinic-keratosis-on-the-nose-images/?stage=Live,S
https://dermnetnz.org/assets/Uploads/3723__FocusFillWzE1MCwxMTAsInkiLDFd.jpg,Solar keratosis treated with imiquimod images,https://dermnetnz.org/topics/actinic-keratosis-imiquimod-images/?stage=Live,S
https://dermnetnz.org/assets/Uploads/solar-lentigo-11-s__FocusFillWzE1MCwxMTAsInkiLDBd.jpg,Solar lentigo images,https://dermnetnz.org/topics/solar-lentigo-images/?stage=Live,S
https://dermnetnz.org/assets/Uploads/3796__FocusFillWzE1MCwxMTAsInkiLDFd.jpg,Spa pool folliculitis images,https://dermnetnz.org/topics/spa-pool-folliculitis-images/?stage=Live,S
https://dermnetnz.org/assets/Uploads/spider-ang5-s2__FocusFillWzE1MCwxMTAsInkiLDFd.jpg,Spider naevus images,https://dermnetnz.org/topics/spider-telangiectasis-images/?stage=Live,S
https://dermnetnz.org/assets/Uploads/spider-ang5-s__FocusFillWzE1MCwxMTAsInkiLDFd.jpg,Spider telangiectasis images,https://dermnetnz.org/topics/spider-telangiectasis-images/?stage=Live,S
https://dermnetnz.org/assets/Uploads/3958__FocusFillWzE1MCwxMTAsInkiLDFd.jpg,Squamous cell carcinoma of limbs images,https://dermnetnz.org/topics/squamous-cell-carcinoma-of-limbs-images/?stage=Live,S
https://dermnetnz.org/assets/Uploads/3936__FocusFillWzE1MCwxMTAsInkiLDFd.jpg,Squamous cell carcinoma of the ear images,https://dermnetnz.org/topics/squamous-cell-carcinoma-of-the-ear-images/?stage=Live,S
https://dermnetnz.org/assets/Uploads/3930__FocusFillWzE1MCwxMTAsInkiLDIwXQ.jpg,Squamous cell carcinoma of the lip images,https://dermnetnz.org/topics/squamous-cell-carcinoma-of-the-lip-images/?stage=Live,S
https://dermnetnz.org/assets/Uploads/3938__FocusFillWzE1MCwxMTAsInkiLDIwXQ.jpg,Squamous cell carcinoma on the face images,https://dermnetnz.org/topics/squamous-cell-carcinoma-on-the-face-images/?stage=Live,S
https://dermnetnz.org/assets/Uploads/ssss-029__FocusFillWzE1MCwxMTAsInkiLDZd.JPG,Staphylococcal scalded skin images,https://dermnetnz.org/images/staphylococcal-scalded-skin-syndrome-images/?stage=Live,S
https://dermnetnz.org/assets/Uploads/steroid-acne-s__FocusFillWzE1MCwxMTAsInkiLDFd.jpg,Steroid acne images,https://dermnetnz.org/topics/steroid-acne-images/?stage=Live,S
https://dermnetnz.org/assets/Uploads/subungual-haematoma-5-v2__FocusFillWzE1MCwxMTAsInkiLDEyXQ.JPG,Subungual haemorrhage,https://dermnetnz.org/?stage=Live,S
https://dermnetnz.org/assets/Uploads/ssm42__FocusFillWzE1MCwxMTAsInkiLDFd.jpg,Superficial spreading melanoma images,https://dermnetnz.org/images/superficial-spreading-melanoma-images/?stage=Live,S
https://dermnetnz.org/assets/Uploads/supernumerary-nipple-03-s__FocusFillWzE1MCwxMTAsInkiLDFd.jpg,Supernumerary nipple images,https://dermnetnz.org/topics/supernumerary-nipple-images/?stage=Live,S
https://dermnetnz.org/assets/Uploads/syphilis-8__FocusFillWzE1MCwxMTAsInkiLDFd.JPG,Syphilis images,https://dermnetnz.org/topics/syphilis-images/?stage=Live,S
https://dermnetnz.org/assets/Uploads/sle-07-s__FocusFillWzE1MCwxMTAsInkiLDFd.jpg,Systemic lupus erythematosus images,https://dermnetnz.org/topics/systemic-lupus-erythematosus-images/?stage=Live,S
https://dermnetnz.org/assets/Uploads/tincorp9-s__FocusFillWzE1MCwxMTAsInkiLDFd.jpg,Tinea corporis images,https://dermnetnz.org/topics/tinea-corporis-images/?stage=Live,T
https://dermnetnz.org/assets/Uploads/tinped13-s__FocusFillWzE1MCwxMTAsInkiLDFd.jpg,Tinea pedis images,https://dermnetnz.org/topics/tinea-pedis-images/?stage=Live,T
https://dermnetnz.org/assets/Uploads/scaly/grover4__FocusFillWzE1MCwxMTAsInkiLDFd.jpg,Transient acantholytic dermatosis,https://dermnetnz.org/topics/transient-acantholytic-dermatosis-images/?stage=Live,T
https://dermnetnz.org/assets/Uploads/adalimumab11-s__FocusFillWzE1MCwxMTAsInkiLDFd.jpg,Treatment images,https://dermnetnz.org/image-catalogue/treatment-images/?stage=Live,T
https://dermnetnz.org/assets/Uploads/trichotillomania-6__FocusFillWzE1MCwxMTAsInkiLDFd.jpg,Trichotillomania images,https://dermnetnz.org/topics/trichotillomania-images/?stage=Live,T
https://dermnetnz.org/assets/Uploads/tuberous-sclerosis05-s__FocusFillWzE1MCwxMTAsInkiLDFd.jpg,Tuberous sclerosis images,https://dermnetnz.org/topics/tuberous-sclerosis-images/?stage=Live,T
https://dermnetnz.org/assets/Uploads/ungual-scc2-s__FocusFillWzE1MCwxMTAsInkiLDFd.jpg,Ungual squamous cell carcinoma in situ images,https://dermnetnz.org/topics/ungual-squamous-cell-carcinoma-in-situ-images/?stage=Live,U
https://dermnetnz.org/assets/Uploads/urticaria7-s__FocusFillWzE1MCwxMTAsInkiLDFd.jpg,Urticaria images,https://dermnetnz.org/topics/urticaria-images/?stage=Live,U
https://dermnetnz.org/assets/Uploads/3802-big2__FocusFillWzE1MCwxMTAsInkiLDFd.jpg,Urticarial vasculitis images,https://dermnetnz.org/topics/urticarial-vasculitis-images/?stage=Live,U
https://dermnetnz.org/assets/Uploads/hzv-close-s__FocusFillWzE1MCwxMTAsInkiLDFd.jpg,Varicella images,https://dermnetnz.org/topics/varicella-images/?stage=Live,V
https://dermnetnz.org/assets/Uploads/vascular-malformation13-s__FocusFillWzE1MCwxMTAsInkiLDBd.jpg,Vascular malformation images,https://dermnetnz.org/topics/vascular-malformation/?stage=Live,V
https://dermnetnz.org/assets/Uploads/2577__FocusFillWzE1MCwxMTAsInkiLDFd.jpg,Vasculitis images,https://dermnetnz.org/topics/vasculitis-images/?stage=Live,V
https://dermnetnz.org/assets/Uploads/ven-lake6-s__FocusFillWzE1MCwxMTAsInkiLDFd.jpg,Venous lake images,https://dermnetnz.org/topics/venous-lake-images/?stage=Live,V
https://dermnetnz.org/assets/Uploads/viral-wart-07-s__FocusFillWzE1MCwxMTAsInkiLDBd.jpg,Viral skin infections images,https://dermnetnz.org/image-catalogue/viral-skin-infections/?stage=Live,V
https://dermnetnz.org/assets/Uploads/viral-wart-23-s__FocusFillWzE1MCwxMTAsInkiLDFd.jpg,Viral warts images,https://dermnetnz.org/topics/viral-warts-images/?stage=Live,V
https://dermnetnz.org/assets/Uploads/vitiligo4-s__FocusFillWzE1MCwxMTAsInkiLDFd.jpg,Vitiligo images,https://dermnetnz.org/images/vitiligo-images/?stage=Live,V
https://dermnetnz.org/assets/Uploads/ca-v1-s4__FocusFillWzE1MCwxMTAsIngiLDU2XQ.JPG,Vulval cancer images,https://dermnetnz.org/images/vulval-cancer-images/?stage=Live,V
https://dermnetnz.org/assets/Uploads/2388-small2__FocusFillWzE1MCwxMTAsIngiLDM4XQ.jpg,Vulval erosive lichen planus images,https://dermnetnz.org/images/vulval-erosive-lichen-planus-images/?stage=Live,V
https://dermnetnz.org/assets/Uploads/vin3-s__FocusFillWzE1MCwxMTAsInkiLDM0XQ.jpg,Vulval intraepithelial neoplasia images,https://dermnetnz.org/topics/vulval-intraepithelial-neoplasia-images/?stage=Live,V
https://dermnetnz.org/assets/Uploads/2381-s3__FocusFillWzE1MCwxMTAsInkiLDEwXQ.jpg,Vulval lichen planus images,https://dermnetnz.org/images/genital-lichen-planus-images/?stage=Live,V
https://dermnetnz.org/assets/Uploads/074__FocusFillWzE1MCwxMTAsIngiLDI2XQ.jpg,Vulval lichen sclerosus images,https://dermnetnz.org/topics/vulval-lichen-sclerosus-images/?stage=Live,V
https://dermnetnz.org/assets/Uploads/vulval-ulcer2-small2__FocusFillWzE1MCwxMTAsInkiLDFd.jpg,Vulval ulcer images,https://dermnetnz.org/topics/vulval-ulcer-images/?stage=Live,V
https://dermnetnz.org/assets/Uploads/candida2-s__FocusFillWzE1MCwxMTAsInkiLDE2XQ.jpg,Vulvovaginal candidiasis images,https://dermnetnz.org/topics/vulvovaginal-candidiasis-images/?stage=Live,V
https://dermnetnz.org/assets/Uploads/xanthelasma29-s__FocusFillWzE1MCwxMTAsInkiLDFd.jpg,Xanthelasma images,https://dermnetnz.org/topics/xanthelasma-images/?stage=Live,X
https://dermnetnz.org/assets/Uploads/xeroderma-pigmentosum-18__FocusFillWzE1MCwxMTAsInkiLDFd.jpg,Xeroderma pigmentosum images,https://dermnetnz.org/topics/xeroderma-pigmentosum-images/?stage=Live,X
